id,label,value,shape,title,group,country
Yuri Durbinin,Yuri Durbinin,2,dot,"Yuri Durbinin, russia ambassador to the united states",russia,russia
Donald Trump,Donald Trump,106,dot,"Donald Trump, business person",united states,united states
Vladimir Putin,Vladimir Putin,39,dot,"Vladimir Putin, president",russia,russia
Oxana Fedorova,Oxana Fedorova,7,dot,"Oxana Fedorova, miss universe contestant",russia,russia
Felix Sater,Felix Sater,25,dot,"Felix Sater, business person",russia,russia
Ivanka Trump,Ivanka Trump,8,dot,"Ivanka Trump, business person",united states,united states
Paul Manafort,Paul Manafort,21,dot,"Paul Manafort, business person",united states,united states
Jared Kushner,Jared Kushner,25,dot,"Jared Kushner, business person",united states,united states
Donald Trump Jr.,Donald Trump Jr.,18,dot,"Donald Trump Jr., business person",united states,united states
Anonymous_1_19_2,Anonymous,2,dot,"Anonymous, group of russian clientele to trump international beach resort",russia,russia
Dmitry Rybolovlev,Dmitry Rybolovlev,2,dot,"Dmitry Rybolovlev, business person",russia,russia
Anonymous_1_20,Anonymous,3,dot,"Anonymous, russian group of investors",russia,russia
Alexander Mashkevitch,Alexander Mashkevitch,2,dot,"Alexander Mashkevitch, organized crime",other countries,israel
Eric Trump,Eric Trump,4,dot,"Eric Trump, business person",united states,united states
Anonymous_1_20_2,Anonymous,2,dot,"Anonymous, russian banks",russia,russia
Semion Mogilevich,Semion Mogilevich,2,dot,"Semion Mogilevich, organized crime boss",russia,russia
Trump Organization,Trump Organization,13,square,"Trump Organization, business person",united states,united states
Tevfik Arif,Tevfik Arif,7,dot,"Tevfik Arif, business person",russia,russia
Tamir Sapir,Tamir Sapir,7,dot,"Tamir Sapir, business person",other countries,georgia
Rotem Rosen,Rotem Rosen,8,dot,"Rotem Rosen, business person",other countries,israel
Alex Sapir,Alex Sapir,9,dot,"Alex Sapir, business person",united states,united states
Anonymous_1_28,Anonymous,2,dot,"Anonymous, group of russian clientele",russia,russia
Anonymous_1_28_2,Anonymous,2,dot,"Anonymous, group of russian clientele",russia,russia
Anonymous_1_28_3,Anonymous,2,dot,"Anonymous, group of russian clientele",russia,russia
Vladimir Golubev,Vladimir Golubev,4,dot,"Vladimir Golubev, st. petersburg crime boss",russia,russia
Howard Lorber,Howard Lorber,3,dot,"Howard Lorber, business person",united states,united states
Anonymous_1_15,Anonymous,2,dot,"Anonymous, business person",russia,russia
Sergei Gorkov,Sergei Gorkov,2,dot,"Sergei Gorkov, chairman of vnecheconombank",russia,russia
Michael Cohen,Michael Cohen,19,dot,"Michael Cohen, attorney; vice president of trump organization",united states,united states
Affliction Entertainment,Affliction Entertainment,4,square,"Affliction Entertainment, attorney; vice president of trump organization",united states,united states
Anonymous_1_19_3,Anonymous,2,dot,"Anonymous, group of investors",other countries,united arab emirates
Robert Mueller,Robert Mueller,5,dot,"Robert Mueller, director of FBI",united states,united states
Anonymous_1_26,Anonymous,2,dot,"Anonymous, group of russian oil and gas oligarchs",russia,russia
Trump Soho,Trump Soho,8,square,"Trump Soho, NA",united states,united states
Anonymous_1_19,Anonymous,2,dot,"Anonymous, group of people or companies connected to russia or neighboring states",russia,russia
Trump Tower,Trump Tower,8,square,"Trump Tower, NA",united states,united states
Trump International Beach Resort,Trump International Beach Resort,3,square,"Trump International Beach Resort, NA",united states,united states
Trump Palace,Trump Palace,3,square,"Trump Palace, NA",united states,united states
Trump Royale,Trump Royale,3,square,"Trump Royale, NA",united states,united states
Trump Hollywood,Trump Hollywood,3,square,"Trump Hollywood, NA",united states,united states
Bayrock Group,Bayrock Group,7,square,"Bayrock Group, NA",united states,united states
Miss Universe Pageant,Miss Universe Pageant,5,square,"Miss Universe Pageant, NA",united states,united states
Alex Shnaider,Alex Shnaider,2,dot,"Alex Shnaider, business person",russia,russia
Fedor Emelianenko,Fedor Emelianenko,5,dot,"Fedor Emelianenko, heavyweight mixed martial artist",russia,russia
Trump Tower Batumi,Trump Tower Batumi,2,square,"Trump Tower Batumi, NA",other countries,georgia
Trump International Hotel And Tower Baku,Trump International Hotel And Tower Baku,2,square,"Trump International Hotel And Tower Baku, NA",other countries,azerbaijan
Kazakhstan Tower,Kazakhstan Tower,2,square,"Kazakhstan Tower, NA",other countries,kazakhstan
Federal Bureau Of Investigation,Federal Bureau Of Investigation,7,square,"Federal Bureau Of Investigation, NA",united states,united states
Central Intelligence Agency,Central Intelligence Agency,4,square,"Central Intelligence Agency, NA",united states,united states
Defense Intelligence Agency,Defense Intelligence Agency,2,square,"Defense Intelligence Agency, NA",united states,united states
Kirsanova Realty,Kirsanova Realty,4,square,"Kirsanova Realty, NA",russia,russia
Sotheby's International Realty,Sotheby's International Realty,3,square,"Sotheby's International Realty, NA",united states,united states
Oleg Deripaska,Oleg Deripaska,10,dot,"Oleg Deripaska, oligarch",russia,russia
Viktor Yanukovych,Viktor Yanukovych,3,dot,"Viktor Yanukovych, president",other countries,ukraine
Sapir Organization,Sapir Organization,2,square,"Sapir Organization, NA",united states,united states
Russian Intelligence,Russian Intelligence,6,square,"Russian Intelligence, NA",russia,russia
Soviet Ministry Of Commerce And Trade,Soviet Ministry Of Commerce And Trade,2,square,"Soviet Ministry Of Commerce And Trade, NA",russia,russia
Adamant,Adamant,2,square,"Adamant, NA",russia,russia
Kremlin,Kremlin,7,square,"Kremlin, NA",russia,russia
Vnescheconombank,Vnescheconombank,2,square,"Vnescheconombank, NA",russia,russia
Yuri Luzhkov,Yuri Luzhkov,2,dot,"Yuri Luzhkov, mayor of moscow",russia,russia
Aras Agalarov,Aras Agalarov,12,dot,"Aras Agalarov, businessman",russia,russia
Center For The National Interest,Center For The National Interest,8,square,"Center For The National Interest, NA",united states,united states
Emin Agalarov,Emin Agalarov,14,dot,"Emin Agalarov, aspiring pop star",russia,russia
Artem Klyushin,Artem Klyushin,9,dot,"Artem Klyushin, businessman",russia,russia
Dmitri Simes,Dmitri Simes,11,dot,"Dmitri Simes, president and editor",united states,united states
The National Interest,The National Interest,4,square,"The National Interest, NA",united states,united states
Vladimir Kozhin,Vladimir Kozhin,6,dot,"Vladimir Kozhin, government official",russia,russia
Olivia Culpo,Olivia Culpo,3,dot,"Olivia Culpo, pageant winner",united states,united states
Konstantin Rykov,Konstantin Rykov,7,dot,"Konstantin Rykov, businessman",russia,russia
Maria Butina,Maria Butina,16,dot,"Maria Butina, spy",russia,russia
Alexander Torshin,Alexander Torshin,13,dot,"Alexander Torshin, handler",russia,russia
Hank Greenberg,Hank Greenberg,3,dot,"Hank Greenberg, chairman",united states,united states
Richard Burt,Richard Burt,6,dot,"Richard Burt, director",united states,united states
Alfa Capital Partners,Alfa Capital Partners,3,square,"Alfa Capital Partners, NA",russia,russia
Alfa Bank,Alfa Bank,7,square,"Alfa Bank, NA",russia,russia
Gazprom,Gazprom,3,square,"Gazprom, NA",russia,russia
Carter Page,Carter Page,30,dot,"Carter Page, lobbyist",united states,united states
Trump World Tower,Trump World Tower,5,square,"Trump World Tower, NA",united states,united states
Keith Schiller,Keith Schiller,5,dot,"Keith Schiller, bodyguard",united states,united states
Rob Goldstone,Rob Goldstone,10,dot,"Rob Goldstone, publicist",other countries,russia and united kingdom
Ike Kaveladze,Ike Kaveladze,8,dot,"Ike Kaveladze, vice president",russia,russia
Citibank Of New York,Citibank Of New York,2,square,"Citibank Of New York, bank",united states,united states
Yulya Alferova,Yulya Alferova,8,dot,"Yulya Alferova, blogger",russia,russia
Dmitry Peskov,Dmitry Peskov,5,dot,"Dmitry Peskov, oligarch",russia,russia
Konstantin Kilimnik,Konstantin Kilimnik,5,dot,"Konstantin Kilimnik, lobbyist",other countries,ukraine
Sergey Kislyak,Sergey Kislyak,14,dot,"Sergey Kislyak, ambassador to the US",russia,russia
Dana Rohrabacher,Dana Rohrabacher,8,dot,"Dana Rohrabacher, congressperson",united states,united states
Vladimir Yakunin,Vladimir Yakunin,6,dot,"Vladimir Yakunin, oligarch",russia,russia
Natalia Veselnitskaya,Natalia Veselnitskaya,18,dot,"Natalia Veselnitskaya, lawyer",russia,russia
Paul Behrends,Paul Behrends,7,dot,"Paul Behrends, aide",united states,united states
Erik Prince,Erik Prince,22,dot,"Erik Prince, former aide",united states,united states
Steve Bannon,Steve Bannon,10,dot,"Steve Bannon, campaign official",united states,united states
National Security Advisory Committee,National Security Advisory Committee,14,square,"National Security Advisory Committee, campaign committee",united states,united states
George Papadopoulos,George Papadopoulos,44,dot,"George Papadopoulos, campaign official",united states,united states
Olga Polonskaya,Olga Polonskaya,3,dot,"Olga Polonskaya, niece of Vladimir Putin",russia,russia
Josef Mifsud,Josef Mifsud,6,dot,"Josef Mifsud, professor",other countries,malta
Ivan Timofeev,Ivan Timofeev,5,dot,"Ivan Timofeev, foreign affairs deputy",russia,russia
Russian International Affairs Council,Russian International Affairs Council,5,square,"Russian International Affairs Council, NA",russia,russia
Russian Institute For Strategic Studies,Russian Institute For Strategic Studies,3,square,"Russian Institute For Strategic Studies, NA",russia,russia
Stephen Miller,Stephen Miller,2,dot,"Stephen Miller, campaign senior policy advisor",united states,united states
Corey Lewandowski,Corey Lewandowski,5,dot,"Corey Lewandowski, campaign manager",united states,united states
Sam Clovis,Sam Clovis,10,dot,"Sam Clovis, co-chair",united states,united states
Igor Sechin,Igor Sechin,5,dot,"Igor Sechin, president and CEO",russia,russia
Rosneft,Rosneft,4,square,"Rosneft, NA",russia,russia
Glencore,Glencore,3,square,"Glencore, NA",other countries,switzerland
Qatar Investment Authority,Qatar Investment Authority,4,square,"Qatar Investment Authority, NA",other countries,qatar
Jeff Sessions,Jeff Sessions,8,dot,"Jeff Sessions, attorney general",united states,united states
James Comey,James Comey,8,dot,"James Comey, director of FBI",united states,united states
Nikos Kotzias,Nikos Kotzias,2,dot,"Nikos Kotzias, foreign minister",other countries,greece
John Mashburn,John Mashburn,3,dot,"John Mashburn, campaign policy director",united states,united states
Institute For Democracy And Cooperation,Institute For Democracy And Cooperation,4,square,"Institute For Democracy And Cooperation, NA",russia,russia
Andranik Migranyan,Andranik Migranyan,3,dot,"Andranik Migranyan, director",russia,russia
Sergei Lavrov,Sergei Lavrov,8,dot,"Sergei Lavrov, foreign minister",russia,russia
Alexey Pushkov,Alexey Pushkov,3,dot,"Alexey Pushkov, representative",russia,russia
Duma,Duma,2,square,"Duma, NA",russia,russia
Valdai International Discussion Club,Valdai International Discussion Club,5,square,"Valdai International Discussion Club, NA",russia,russia
Russian Hackers,Russian Hackers,6,square,"Russian Hackers, NA",russia,russia
Democratic National Committee,Democratic National Committee,2,square,"Democratic National Committee, NA",united states,united states
Ashok Mirpuri,Ashok Mirpuri,2,dot,"Ashok Mirpuri, ambassador",other countries,singapore
Armando Varricchio,Armando Varricchio,2,dot,"Armando Varricchio, ambassador",other countries,italy
Republican National Committee,Republican National Committee,2,square,"Republican National Committee, NA",united states,united states
J.d. Gordon,J.d. Gordon,11,dot,"J.d. Gordon, director",united states,united states
Paul Erickson,Paul Erickson,8,dot,"Paul Erickson, NRA activist",united states,united states
Rick Dearborn,Rick Dearborn,3,dot,"Rick Dearborn, Trump campaign aid",united states,united states
Rick Clay,Rick Clay,3,dot,"Rick Clay, conservative activist",united states,united states
Panos Kammenos,Panos Kammenos,2,dot,"Panos Kammenos, National Defense Minister",other countries,greece
Cambridge Analytica,Cambridge Analytica,9,square,"Cambridge Analytica, NA",other countries,britain
Alexander Downer,Alexander Downer,2,dot,"Alexander Downer, diplomat",other countries,australia
Nigel Farage,Nigel Farage,4,dot,"Nigel Farage, Brexit activist",other countries,britain
Seth Cropsey,Seth Cropsey,2,dot,"Seth Cropsey, lobbyist; neoconservative political figure",united states,united states
Yuri Chaika,Yuri Chaika,3,dot,"Yuri Chaika, Crown prosecutor of Russia",united states,united states
Rinat Akhmetshin,Rinat Akhmetshin,11,dot,"Rinat Akhmetshin, former Soviet counterintelligence operative",russia,russia
Konstantin Sidorkov,Konstantin Sidorkov,2,dot,"Konstantin Sidorkov, director of partnership marketing for ""Russia's equivalent to Facebook""",russia,russia
Rhona Graff,Rhona Graff,4,dot,"Rhona Graff, secretary of Trump",united states,united states
Dan Scavino,Dan Scavino,4,dot,"Dan Scavino, director of social media for the Trump campaign",united states,united states
National Rifle Association,National Rifle Association,2,square,"National Rifle Association, NA",united states,united states
Michael Flynn,Michael Flynn,35,dot,"Michael Flynn, national security advisor",united states,united states
Sally Yates,Sally Yates,5,dot,"Sally Yates, acting attorney general",united states,united states
John Mccain,John Mccain,3,dot,"John Mccain, senator",united states,united states
Sir Andrew Wood,Sir Andrew Wood,2,dot,"Sir Andrew Wood, retired diplomat",other countries,united kingdom
Scl Group,Scl Group,3,square,"Scl Group, parent company of Cambridge Analytica",united states,united states
Rod Rosenstein,Rod Rosenstein,2,dot,"Rod Rosenstein, deputy attorney general",united states,united states
Wikileaks,Wikileaks,8,square,"Wikileaks, NA",other countries,international
James Clapper,James Clapper,4,dot,"James Clapper, director of national intelligence",united states,united states
Alexander Nix,Alexander Nix,5,dot,"Alexander Nix, CEO of Cambridge Analytica",united states,united states
Don Mcgahn,Don Mcgahn,4,dot,"Don Mcgahn, white house counsel",united states,united states
Breitbart,Breitbart,6,square,"Breitbart, NA",united states,united states
Robert Mercer,Robert Mercer,3,dot,"Robert Mercer, billionaire; cofounder of Cambridge Analytica",united states,united states
Barack Obama,Barack Obama,4,dot,"Barack Obama, president of the united states",united states,united states
Make America Number I Pac,Make America Number I Pac,2,square,"Make America Number I Pac, NA",united states,united states
Brad Parscale,Brad Parscale,4,dot,"Brad Parscale, digital media director of Trump 2016 campaign",united states,united states
Chris Christie,Chris Christie,6,dot,"Chris Christie, transition chief",united states,united states
Aleksandr Kogan,Aleksandr Kogan,2,dot,"Aleksandr Kogan, employee of Cambridge Analytica; professor at Russian university",united states,united states
Mike Pence,Mike Pence,3,dot,"Mike Pence, vice president elect",united states,united states
Elijah Cummings,Elijah Cummings,2,dot,"Elijah Cummings, representative",united states,united states
Rt,Rt,2,square,"Rt, NA",russia,russia
Julian Assange,Julian Assange,7,dot,"Julian Assange, founder of WikiLeaks",other countries,australia
Arron Banks,Arron Banks,2,dot,"Arron Banks, cofounder of the Leave.EU campaign; businessman and political donor",other countries,britain
Andrii Artemenko,Andrii Artemenko,3,dot,"Andrii Artemenko, politician",other countries,ukraine
Congress,Congress,10,square,"Congress, NA",united states,united states
Andrey Baranov,Andrey Baranov,2,dot,"Andrey Baranov, executive",russia,russia
Oleg Erovinkin,Oleg Erovinkin,3,dot,"Oleg Erovinkin, aide",russia,russia
Glenn Simpson,Glenn Simpson,4,dot,"Glenn Simpson, co-founder of fusion gps",united states,united states
Christopher Steele,Christopher Steele,3,dot,"Christopher Steele, private intelligence",other countries,united kingdom
Gru,Gru,2,square,"Gru, NA",russia,russia
Internet Research Agency,Internet Research Agency,2,square,"Internet Research Agency, NA",russia,russia
Alimzhan Tokhtakhounov,Alimzhan Tokhtakhounov,3,dot,"Alimzhan Tokhtakhounov, vor - high level crime boss",russia,russia
Preet Bharara,Preet Bharara,2,dot,"Preet Bharara, u.s. attorney",united states,united states
Sberbank,Sberbank,3,square,"Sberbank, bank",russia,russia
Herman Gref,Herman Gref,2,dot,"Herman Gref, ceo of sberbank",russia,russia
United States Government,United States Government,2,square,"United States Government, government",united states,united states
Anonymous_4_51,Anonymous,2,dot,"Anonymous, donor",united states,united states
Anonymous_3_71,Anonymous,3,dot,"Anonymous, retired spy",other countries,na
Paul Wood,Paul Wood,3,dot,"Paul Wood, reporter",other countries,britain
Anonymous_3_71_2,Anonymous,3,dot,"Anonymous, intermediary",other countries,na
Central Intelligence Agency Officers,Central Intelligence Agency Officers,3,dot,"Central Intelligence Agency Officers, central intelligence agency officers",united states,united states
Kata Sarka,Kata Sarka,2,dot,"Kata Sarka, pageant winner",other countries,hungary
Karen Mcdougal,Karen Mcdougal,3,dot,"Karen Mcdougal, playboy playmate",united states,united states
"Bridges, Llc.","Bridges, Llc.",2,square,"Bridges, Llc., shell corporation",united states,united states
David Keene,David Keene,6,dot,"David Keene, NRA President",united states,united states
Andrei Rozov,Andrei Rozov,8,dot,"Andrei Rozov, investor",russia,russia
Sergei Gordeev,Sergei Gordeev,5,dot,"Sergei Gordeev, investor",russia,russia
Giorgi Rtskhiladze,Giorgi Rtskhiladze,5,dot,"Giorgi Rtskhiladze, investor",russia,russia
Vtb,Vtb,3,square,"Vtb, bank",russia,russia
David Clarke,David Clarke,5,dot,"David Clarke, sheriff",united states,united states
Dmitry Rogozin,Dmitry Rogozin,7,dot,"Dmitry Rogozin, deputy",russia,russia
Roger Stone,Roger Stone,20,dot,"Roger Stone, campaign advisor",united states,united states
Michael Caputo,Michael Caputo,7,dot,"Michael Caputo, campaign advisor",united states,united states
Boris Yeltsin,Boris Yeltsin,2,dot,"Boris Yeltsin, President",russia,russia
Fbi,Fbi,5,square,"Fbi, government",united states,united states
Rudy Giuliani,Rudy Giuliani,4,dot,"Rudy Giuliani, lawyer",united states,united states
Joseph Digenova,Joseph Digenova,10,dot,"Joseph Digenova, lawyer",united states,united states
Viktor Vekselberg,Viktor Vekselberg,12,dot,"Viktor Vekselberg, billionaire/oligarch",russia,russia
Mikhail Fridman,Mikhail Fridman,2,dot,"Mikhail Fridman, founder",russia,russia
Betsy Devos,Betsy Devos,3,dot,"Betsy Devos, secretary of education",united states,united states
German Khan,German Khan,2,dot,"German Khan, owner",russia,russia
Russiia's Internet Research Agency,Russiia's Internet Research Agency,3,square,"Russiia's Internet Research Agency, intelligence organization",russia,russia
Alexei Kuzmichev,Alexei Kuzmichev,2,dot,"Alexei Kuzmichev, owner",russia,russia
Pyotr Aven,Pyotr Aven,2,dot,"Pyotr Aven, owner",russia,russia
Anna Bogacheva,Anna Bogacheva,3,dot,"Anna Bogacheva, foreign agent",russia,russia
Tranjche Arsov,Tranjche Arsov,3,dot,"Tranjche Arsov, lawyer",other countries,macedonia
Pizzagate Tweeters,Pizzagate Tweeters,6,square,"Pizzagate Tweeters, tweeters",russia,russia
Tucker Carlson,Tucker Carlson,2,dot,"Tucker Carlson, anchor",united states,united states
Mark Corallo,Mark Corallo,2,dot,"Mark Corallo, NA",united states,united states
Bob Van Ronkel,Bob Van Ronkel,15,dot,"Bob Van Ronkel, producer",russia,russia
Dick Clark Production,Dick Clark Production,2,square,"Dick Clark Production, producer",united states,united states
Mandalay Entertainment,Mandalay Entertainment,2,square,"Mandalay Entertainment, producer",united states,united states
Chuck Labella,Chuck Labella,3,dot,"Chuck Labella, Vice President of Talent Relations at NBC Universal",united states,united states
Steven Seagal,Steven Seagal,4,dot,"Steven Seagal, actor",united states,united states
Thomas Barrack,Thomas Barrack,4,dot,"Thomas Barrack, billionaire",united states,united states
Natalia Kutepova-Jamrom,Natalia Kutepova-Jamrom,2,dot,"Natalia Kutepova-Jamrom, intern",russia,russia
Joseph Schmitz,Joseph Schmitz,14,dot,"Joseph Schmitz, Departement of Defense inspector general",united states,united states
Walid Phares,Walid Phares,6,dot,"Walid Phares, National Security Advisory Committee Member",united states,united states
Keith Kellogg,Keith Kellogg,2,dot,"Keith Kellogg, Nation Security Advisory Committee Member",united states,united states
Bert Mizusawa,Bert Mizusawa,3,dot,"Bert Mizusawa, National Security Advisory Council Member",united states,united states
Charles Kubic,Charles Kubic,2,dot,"Charles Kubic, National Security Advisory Council Member",united states,united states
Yigal Landau,Yigal Landau,4,dot,"Yigal Landau, CEO of Ratio Oil Exploration",other countries,israel
Kamil Ekim Alptekin,Kamil Ekim Alptekin,5,dot,"Kamil Ekim Alptekin, businessman",other countries,israel
Flynn Intelligence Group,Flynn Intelligence Group,3,square,"Flynn Intelligence Group, private intelligence agency",united states,united states
European Council On Foreign Relations,European Council On Foreign Relations,3,square,"European Council On Foreign Relations, think tank",other countries,europe
Ben Carson 2016 Presidential Campaign,Ben Carson 2016 Presidential Campaign,3,square,"Ben Carson 2016 Presidential Campaign, presidential campaign",united states,united states
Center For Security Policy,Center For Security Policy,3,square,"Center For Security Policy, think tank",united states,united states
Eli Groner,Eli Groner,4,dot,"Eli Groner, top advisor to Israeli president",other countries,israel
Andrei Soldatov,Andrei Soldatov,4,dot,"Andrei Soldatov, independent journalist",russia,russia
Stephen Colbert,Stephen Colbert,4,dot,"Stephen Colbert, television host",united states,united states
Joel Zamel,Joel Zamel,8,dot,"Joel Zamel, creator of Wikistrat",united states,united states
Yossi Dagan,Yossi Dagan,3,dot,"Yossi Dagan, right-wing activist",other countries,israel
New Economic School,New Economic School,2,square,"New Economic School, university",russia,russia
Rick Gates,Rick Gates,4,dot,"Rick Gates, deputy to Paul Manfort on the Trump campaign",united states,united states
Jeanine Pirro,Jeanine Pirro,2,dot,"Jeanine Pirro, Fox News host",united states,united states
Hope Hicks,Hope Hicks,4,dot,"Hope Hicks, Trump's personal assistant",united states,united states
Tera Dahl,Tera Dahl,2,dot,"Tera Dahl, ally of Steve Bannon",united states,united states
Arkady Dvorkovich,Arkady Dvorkovich,2,dot,"Arkady Dvorkovich, Russian deputy prime minister",russia,russia
Adam Schiff,Adam Schiff,2,dot,"Adam Schiff, Congressman",united states,united states
Devin Nunes,Devin Nunes,3,dot,"Devin Nunes, Congressman",united states,united states
Steven Van Sandt,Steven Van Sandt,2,dot,"Steven Van Sandt, guitarist for the E Stree Band",united states,united states
Diana Denman,Diana Denman,2,dot,"Diana Denman, GOP activist",united states,united states
Anonymous_9_179_1,Anonymous,3,dot,"Anonymous, NA",russia,russia
Anonymous_9_179_2,Anonymous,3,dot,"Anonymous, NA",other countries,hungary
Hungarian Government Officials,Hungarian Government Officials,3,square,"Hungarian Government Officials, NA",other countries,hungary
State Department,State Department,2,square,"State Department, government institution",united states,united states
Congressional Committee,Congressional Committee,2,square,"Congressional Committee, government",united states,united states
Peter W. Smith,Peter W. Smith,11,dot,"Peter W. Smith, gop operative",united states,united states
Interfax,Interfax,3,square,"Interfax, media outlet",russia,russia
Bryan Lanza,Bryan Lanza,2,dot,"Bryan Lanza, deputy communications director",united states,united states
Reka Szemerkenyi,Reka Szemerkenyi,3,dot,"Reka Szemerkenyi, hungarian ambassador to the united states",other countries,hungary
Tom Marino,Tom Marino,7,dot,"Tom Marino, Congressman",united states,united states
Ted Yoho,Ted Yoho,7,dot,"Ted Yoho, congressman",united states,united states
Bob Corker,Bob Corker,7,dot,"Bob Corker, senator",united states,united states
Sergei Millian,Sergei Millian,3,dot,"Sergei Millian, businessman",russia,russia
Brittany Kaiser,Brittany Kaiser,2,dot,"Brittany Kaiser, cambridge analytica donations",other countries,uk
Matt Tait,Matt Tait,2,dot,"Matt Tait, cybersecurity expert",united states,united states
Anonymous_8_173,Anonymous,2,dot,"Anonymous, hacker",russia,russia
K. T. Mcfarland,K. T. Mcfarland,17,dot,"K. T. Mcfarland, Trump deputy national security advisor",united states,united states
Anonymous_13_265,Anonymous,2,dot,"Anonymous, Donald Trump Jr.'s Lawyer",united states,united states
George Kaveladze,George Kaveladze,2,dot,"George Kaveladze, Son of Ike Kaveladze",russia,russia
Elliott Broidy,Elliott Broidy,7,dot,"Elliott Broidy, co-deputy finance chair of the RNC",united states,united states
George Nader,George Nader,13,dot,"George Nader, cooperating witness",united states,united states
Saudi Arabia,Saudi Arabia,3,square,"Saudi Arabia, government",other countries,saudi arabia
United Arab Emirates,United Arab Emirates,3,square,"United Arab Emirates, government",other countries,united arab emirates
Reince Priebus,Reince Priebus,2,dot,"Reince Priebus, President's Chief of Staff",united states,united states
Anonymous_13_275,Anonymous,3,dot,"Anonymous, Senior  members of the Presidential Transition Team",united states,united states
Anonymous_13_276,Anonymous,2,dot,"Anonymous, Senior  members of the Presidential Transition Team (possibly same as anonymous_13_275",united states,united states
Anonymous_13_276b,Anonymous,2,square,"Anonymous, UN representatives from unlisted countries",other countries,several
Kirill Dmitriev,Kirill Dmitriev,4,dot,"Kirill Dmitriev, Russian sovereign wealth fund CEO",russia,russia
Rex Tillerson,Rex Tillerson,7,dot,"Rex Tillerson, Secretary of State",united states,united states
Sergey Naryshkin,Sergey Naryshkin,2,dot,"Sergey Naryshkin, head of russia's foreign intelligence service",russia,russia
Alexander Bortnikov,Alexander Bortnikov,2,dot,"Alexander Bortnikov, head of russia's federal security service",russia,russia
Anonymous_14_290,Anonymous,3,dot,"Anonymous, n/a",russia,russia
Mohammed Bin Zayed Al Nahyan,Mohammed Bin Zayed Al Nahyan,8,dot,"Mohammed Bin Zayed Al Nahyan, crown prince of abu dhabi",other countries,united arab emirates
Guccifer 2.0,Guccifer 2.0,3,dot,"Guccifer 2.0, hacker",russia,russia
Dcleaks,Dcleaks,3,square,"Dcleaks, hacker",russia,russia
Nastya Rybka,Nastya Rybka,3,dot,"Nastya Rybka, escort",other countries,belarus
Sergey Eduardovich Prikhodko,Sergey Eduardovich Prikhodko,3,dot,"Sergey Eduardovich Prikhodko, adviser",russia,russia
Mark Zuckerberg,Mark Zuckerberg,3,dot,"Mark Zuckerberg, CEO of Facebook",united states,united states
Leon Black,Leon Black,2,dot,"Leon Black, CEO of Apolo Global Management",united states,united states
Dimitriy Streshinskiy,Dimitriy Streshinskiy,3,dot,"Dimitriy Streshinskiy, NA",other countries,na
Rostec,Rostec,3,square,"Rostec, NA",russia,russia
Acu Strategic Partners,Acu Strategic Partners,3,square,"Acu Strategic Partners, NA",united states,united states
Robert Mcfarlane,Robert Mcfarlane,6,dot,"Robert Mcfarlane, na",united states,united states
Begin-Sadat Center For Strategic Studies,Begin-Sadat Center For Strategic Studies,4,square,"Begin-Sadat Center For Strategic Studies, NA",other countries,israel
Ratio Oil Exploration,Ratio Oil Exploration,4,square,"Ratio Oil Exploration, NA",other countries,israel
Wikistrat,Wikistrat,4,square,"Wikistrat, NA",united states,united states
Anonymous Israeli,Anonymous Israeli,2,dot,"Anonymous Israeli, NA",other countries,israel
Stephen Halper,Stephen Halper,3,dot,"Stephen Halper, professor",other countries,uk
Anonymous_5_122,Anonymous,2,dot,"Anonymous, NA",other countries,non-usa
Mohammed Bin Salman,Mohammed Bin Salman,3,dot,"Mohammed Bin Salman, Crown Prince of Saudi Arabia",other countries,saudi arabia
Alex Torshin,Alex Torshin,2,dot,"Alex Torshin, politician",russia,russia
Alex Van Der Zwaan,Alex Van Der Zwaan,3,dot,"Alex Van Der Zwaan, attourney",other countries,netherlands
Anonymous_3_70,Anonymous,2,dot,"Anonymous, NA",russia,russia
Anonymous_8_166,Anonymous,2,dot,"Anonymous, politician",russia,russia
Anonymous_9_182,Anonymous,2,dot,"Anonymous, NA",russia,russia
Australian Diplomat,Australian Diplomat,2,dot,"Australian Diplomat, politician",other countries,australia
Chuck Kubic,Chuck Kubic,2,dot,"Chuck Kubic, consultant",united states,united states
Daily Caller,Daily Caller,5,square,"Daily Caller, corporation",united states,united states
Erik Prince's Brother In Law,Erik Prince's Brother In Law,2,dot,"Erik Prince's Brother In Law, NA",united states,united states
Fusion Gps,Fusion Gps,3,square,"Fusion Gps, corporation",united states,united states
Henry Greenberg,Henry Greenberg,4,dot,"Henry Greenberg, NA",russia,russia
Joshua Levy,Joshua Levy,2,dot,"Joshua Levy, lawyer",united states,united states
Kellyanne Conway,Kellyanne Conway,5,dot,"Kellyanne Conway, consultant",united states,united states
Mike Pompeo,Mike Pompeo,4,dot,"Mike Pompeo, CIA Director",united states,united states
Sean Hannity,Sean Hannity,2,dot,"Sean Hannity, news anchor",united states,united states
Stanley Fischer,Stanley Fischer,2,dot,"Stanley Fischer, banker",united states,united states
Trump Campaign,Trump Campaign,33,square,"Trump Campaign, organization",united states,united states
W. Samuel Patten,W. Samuel Patten,2,dot,"W. Samuel Patten, businessperson",united states,united states
Benjamin Netanyahu,Benjamin Netanyahu,2,dot,"Benjamin Netanyahu, prime minister",other countries,israel
Ritz Carlton,Ritz Carlton,5,square,"Ritz Carlton, organization",russia,russia
Trump Tower Moscow,Trump Tower Moscow,25,square,"Trump Tower Moscow, organization",russia,russia
