id,name,country.type,country.label,country.name,labels
s001,Yuri Durbinin,2,russia,russia,""
s002,Donald Trump,3,united states,united states,Donald Trump
s003,Vladimir Putin,2,russia,russia,Vladimir Putin
s004,Oxana Fedorova,2,russia,russia,""
s005,Felix Sater,2,russia,russia,Felix Sater
s006,Ivanka Trump,3,united states,united states,""
s007,Paul Manafort,3,united states,united states,""
s008,Jared Kushner,3,united states,united states,""
s009,Donald Trump Jr.,3,united states,united states,""
s010,Anonymous_1_19_2,2,russia,russia,""
s011,Dmitry Rybolovlev,2,russia,russia,""
s012,Anonymous_1_20,2,russia,russia,""
s013,Alexander Mashkevitch,1,other countries,israel,""
s014,Eric Trump,3,united states,united states,""
s015,Anonymous_1_20_2,2,russia,russia,""
s016,Semion Mogilevich,2,russia,russia,""
s017,Trump Organization,3,united states,united states,""
s018,Tevfik Arif,2,russia,russia,""
s019,Tamir Sapir,1,other countries,georgia,""
s020,Rotem Rosen,1,other countries,israel,""
s021,Alex Sapir,3,united states,united states,""
s022,Anonymous_1_28,2,russia,russia,""
s023,Anonymous_1_28_2,2,russia,russia,""
s024,Anonymous_1_28_3,2,russia,russia,""
s025,Vladimir Golubev,2,russia,russia,""
s026,Howard Lorber,3,united states,united states,""
s027,Anonymous_1_15,2,russia,russia,""
s028,Sergei Gorkov,2,russia,russia,""
s029,Michael Cohen,3,united states,united states,Michael Cohen
s030,Affliction Entertainment,3,united states,united states,""
s031,Anonymous_1_19_3,1,other countries,united arab emirates,""
s032,Robert Mueller,3,united states,united states,""
s033,Anonymous_1_26,2,russia,russia,""
s034,Trump Soho,3,united states,united states,""
s035,Anonymous_1_19,2,russia,russia,""
s036,Trump Tower,3,united states,united states,""
s037,Trump International Beach Resort,3,united states,united states,""
s038,Trump Palace,3,united states,united states,""
s039,Trump Royale,3,united states,united states,""
s040,Trump Hollywood,3,united states,united states,""
s041,Bayrock Group,3,united states,united states,""
s042,Miss Universe Pageant,3,united states,united states,""
s043,Alex Shnaider,2,russia,russia,""
s044,Fedor Emelianenko,2,russia,russia,""
s045,Trump Tower Batumi,1,other countries,georgia,""
s046,Trump International Hotel And Tower Baku,1,other countries,azerbaijan,""
s047,Kazakhstan Tower,1,other countries,kazakhstan,""
s048,Federal Bureau Of Investigation,3,united states,united states,""
s049,Central Intelligence Agency,3,united states,united states,""
s050,Defense Intelligence Agency,3,united states,united states,""
s051,Kirsanova Realty,2,russia,russia,""
s052,Sotheby's International Realty,3,united states,united states,""
s053,Oleg Deripaska,2,russia,russia,""
s054,Viktor Yanukovych,1,other countries,ukraine,""
s055,Sapir Organization,3,united states,united states,""
s056,Russian Intelligence,2,russia,russia,""
s057,Soviet Ministry Of Commerce And Trade,2,russia,russia,""
s058,Adamant,2,russia,russia,""
s059,Kremlin,2,russia,russia,""
s060,Vnescheconombank,2,russia,russia,""
s061,Yuri Luzhkov,2,russia,russia,""
s062,Aras Agalarov,2,russia,russia,""
s063,Center For The National Interest,3,united states,united states,""
s064,Emin Agalarov,2,russia,russia,""
s065,Artem Klyushin,2,russia,russia,""
s066,Dmitri Simes,3,united states,united states,""
s067,The National Interest,3,united states,united states,""
s068,Vladimir Kozhin,2,russia,russia,""
s069,Olivia Culpo,3,united states,united states,""
s070,Konstantin Rykov,2,russia,russia,""
s071,Maria Butina,2,russia,russia,""
s072,Alexander Torshin,2,russia,russia,""
s073,Hank Greenberg,3,united states,united states,""
s074,Richard Burt,3,united states,united states,""
s075,Alfa Capital Partners,2,russia,russia,""
s076,Alfa Bank,2,russia,russia,""
s077,Gazprom,2,russia,russia,""
s078,Carter Page,3,united states,united states,""
s079,Trump World Tower,3,united states,united states,""
s080,Keith Schiller,3,united states,united states,""
s081,Rob Goldstone,1,other countries,russia and united kingdom,""
s082,Ike Kaveladze,2,russia,russia,""
s083,Citibank Of New York,3,united states,united states,""
s084,Yulya Alferova,2,russia,russia,""
s085,Dmitry Peskov,2,russia,russia,""
s086,Konstantin Kilimnik,1,other countries,ukraine,""
s087,Sergey Kislyak,2,russia,russia,""
s088,Dana Rohrabacher,3,united states,united states,""
s089,Vladimir Yakunin,2,russia,russia,""
s090,Natalia Veselnitskaya,2,russia,russia,""
s091,Paul Behrends,3,united states,united states,""
s092,Erik Prince,3,united states,united states,""
s093,Steve Bannon,3,united states,united states,""
s094,National Security Advisory Committee,3,united states,united states,""
s095,George Papadopoulos,3,united states,united states,""
s096,Olga Polonskaya,2,russia,russia,""
s097,Josef Mifsud,1,other countries,malta,""
s098,Ivan Timofeev,2,russia,russia,""
s099,Russian International Affairs Council,2,russia,russia,""
s100,Russian Institute For Strategic Studies,2,russia,russia,""
s101,Stephen Miller,3,united states,united states,""
s102,Corey Lewandowski,3,united states,united states,""
s103,Sam Clovis,3,united states,united states,""
s104,Igor Sechin,2,russia,russia,""
s105,Rosneft,2,russia,russia,""
s106,Glencore,1,other countries,switzerland,""
s107,Qatar Investment Authority,1,other countries,qatar,""
s108,Jeff Sessions,3,united states,united states,""
s109,James Comey,3,united states,united states,""
s110,Nikos Kotzias,1,other countries,greece,""
s111,John Mashburn,3,united states,united states,""
s112,Institute For Democracy And Cooperation,2,russia,russia,""
s113,Andranik Migranyan,2,russia,russia,""
s114,Sergei Lavrov,2,russia,russia,""
s115,Alexey Pushkov,2,russia,russia,""
s116,Duma,2,russia,russia,""
s117,Valdai International Discussion Club,2,russia,russia,""
s118,Russian Hackers,2,russia,russia,""
s119,Democratic National Committee,3,united states,united states,""
s120,Ashok Mirpuri,1,other countries,singapore,""
s121,Armando Varricchio,1,other countries,italy,""
s122,Republican National Committee,3,united states,united states,""
s123,J.d. Gordon,3,united states,united states,""
s124,Paul Erickson,3,united states,united states,""
s125,Rick Dearborn,3,united states,united states,""
s126,Rick Clay,3,united states,united states,""
s127,Panos Kammenos,1,other countries,greece,""
s128,Cambridge Analytica,1,other countries,britain,""
s129,Alexander Downer,1,other countries,australia,""
s130,Nigel Farage,1,other countries,britain,""
s131,Seth Cropsey,3,united states,united states,""
s132,Yuri Chaika,3,united states,united states,""
s133,Rinat Akhmetshin,2,russia,russia,""
s134,Konstantin Sidorkov,2,russia,russia,""
s135,Rhona Graff,3,united states,united states,""
s136,Dan Scavino,3,united states,united states,""
s137,National Rifle Association,3,united states,united states,""
s138,Michael Flynn,3,united states,united states,""
s139,Sally Yates,3,united states,united states,""
s140,John Mccain,3,united states,united states,""
s141,Sir Andrew Wood,1,other countries,united kingdom,""
s142,Scl Group,3,united states,united states,""
s143,Rod Rosenstein,3,united states,united states,""
s144,Wikileaks,1,other countries,international,""
s145,James Clapper,3,united states,united states,""
s146,Alexander Nix,3,united states,united states,""
s147,Don Mcgahn,3,united states,united states,""
s148,Breitbart,3,united states,united states,""
s149,Robert Mercer,3,united states,united states,""
s150,Barack Obama,3,united states,united states,""
s151,Make America Number I Pac,3,united states,united states,""
s152,Brad Parscale,3,united states,united states,""
s153,Chris Christie,3,united states,united states,""
s154,Aleksandr Kogan,3,united states,united states,""
s155,Mike Pence,3,united states,united states,""
s156,Elijah Cummings,3,united states,united states,""
s157,Rt,2,russia,russia,""
s158,Julian Assange,1,other countries,australia,""
s159,Arron Banks,1,other countries,britain,""
s160,Andrii Artemenko,1,other countries,ukraine,""
s161,Congress,3,united states,united states,""
s162,Andrey Baranov,2,russia,russia,""
s163,Oleg Erovinkin,2,russia,russia,""
s164,Glenn Simpson,3,united states,united states,""
s165,Christopher Steele,1,other countries,united kingdom,""
s166,Gru,2,russia,russia,""
s167,Internet Research Agency,2,russia,russia,""
s168,Alimzhan Tokhtakhounov,2,russia,russia,""
s169,Preet Bharara,3,united states,united states,""
s170,Sberbank,2,russia,russia,""
s171,Herman Gref,2,russia,russia,""
s172,United States Government,3,united states,united states,""
s173,Anonymous_4_51,3,united states,united states,""
s174,Anonymous_3_71,1,other countries,na,""
s175,Paul Wood,1,other countries,britain,""
s176,Anonymous_3_71_2,1,other countries,na,""
s177,Central Intelligence Agency Officers,3,united states,united states,""
s178,Kata Sarka,1,other countries,hungary,""
s179,Karen Mcdougal,3,united states,united states,""
s180,"Bridges, Llc.",3,united states,united states,""
s181,David Keene,3,united states,united states,""
s182,Andrei Rozov,2,russia,russia,""
s183,Sergei Gordeev,2,russia,russia,""
s184,Giorgi Rtskhiladze,2,russia,russia,""
s185,Vtb,2,russia,russia,""
s186,David Clarke,3,united states,united states,""
s187,Dmitry Rogozin,2,russia,russia,""
s188,Roger Stone,3,united states,united states,""
s189,Michael Caputo,3,united states,united states,""
s190,Boris Yeltsin,2,russia,russia,""
s191,Fbi,3,united states,united states,""
s192,Rudy Giuliani,3,united states,united states,""
s193,Joseph Digenova,3,united states,united states,""
s194,Viktor Vekselberg,2,russia,russia,""
s195,Mikhail Fridman,2,russia,russia,""
s196,Betsy Devos,3,united states,united states,""
s197,German Khan,2,russia,russia,""
s198,Russiia's Internet Research Agency,2,russia,russia,""
s199,Alexei Kuzmichev,2,russia,russia,""
s200,Pyotr Aven,2,russia,russia,""
s201,Anna Bogacheva,2,russia,russia,""
s202,Tranjche Arsov,1,other countries,macedonia,""
s203,Pizzagate Tweeters,2,russia,russia,""
s204,Tucker Carlson,3,united states,united states,""
s205,Mark Corallo,3,united states,united states,""
s206,Bob Van Ronkel,2,russia,russia,""
s207,Dick Clark Production,3,united states,united states,""
s208,Mandalay Entertainment,3,united states,united states,""
s209,Chuck Labella,3,united states,united states,""
s210,Steven Seagal,3,united states,united states,""
s211,Thomas Barrack,3,united states,united states,""
s212,Natalia Kutepova-Jamrom,2,russia,russia,""
s213,Joseph Schmitz,3,united states,united states,""
s214,Walid Phares,3,united states,united states,""
s215,Keith Kellogg,3,united states,united states,""
s216,Bert Mizusawa,3,united states,united states,""
s217,Charles Kubic,3,united states,united states,""
s218,Yigal Landau,1,other countries,israel,""
s219,Kamil Ekim Alptekin,1,other countries,israel,""
s220,Flynn Intelligence Group,3,united states,united states,""
s221,European Council On Foreign Relations,1,other countries,europe,""
s222,Ben Carson 2016 Presidential Campaign,3,united states,united states,""
s223,Center For Security Policy,3,united states,united states,""
s224,Eli Groner,1,other countries,israel,""
s225,Andrei Soldatov,2,russia,russia,""
s226,Stephen Colbert,3,united states,united states,""
s227,Joel Zamel,3,united states,united states,""
s228,Yossi Dagan,1,other countries,israel,""
s229,New Economic School,2,russia,russia,""
s230,Rick Gates,3,united states,united states,""
s231,Jeanine Pirro,3,united states,united states,""
s232,Hope Hicks,3,united states,united states,""
s233,Tera Dahl,3,united states,united states,""
s234,Arkady Dvorkovich,2,russia,russia,""
s235,Adam Schiff,3,united states,united states,""
s236,Devin Nunes,3,united states,united states,""
s237,Steven Van Sandt,3,united states,united states,""
s238,Diana Denman,3,united states,united states,""
s239,Anonymous_9_179_1,2,russia,russia,""
s240,Anonymous_9_179_2,1,other countries,hungary,""
s241,Hungarian Government Officials,1,other countries,hungary,""
s242,State Department,3,united states,united states,""
s243,Congressional Committee,3,united states,united states,""
s244,Peter W. Smith,3,united states,united states,""
s245,Interfax,2,russia,russia,""
s246,Bryan Lanza,3,united states,united states,""
s247,Reka Szemerkenyi,1,other countries,hungary,""
s248,Tom Marino,3,united states,united states,""
s249,Ted Yoho,3,united states,united states,""
s250,Bob Corker,3,united states,united states,""
s251,Sergei Millian,2,russia,russia,""
s252,Brittany Kaiser,1,other countries,uk,""
s253,Matt Tait,3,united states,united states,""
s254,Anonymous_8_173,2,russia,russia,""
s255,K. T. Mcfarland,3,united states,united states,""
s256,Anonymous_13_265,3,united states,united states,""
s257,George Kaveladze,2,russia,russia,""
s258,Elliott Broidy,3,united states,united states,""
s259,George Nader,3,united states,united states,""
s260,Saudi Arabia,1,other countries,saudi arabia,""
s261,United Arab Emirates,1,other countries,united arab emirates,""
s262,Reince Priebus,3,united states,united states,""
s263,Anonymous_13_275,3,united states,united states,""
s264,Anonymous_13_276,3,united states,united states,""
s265,Anonymous_13_276b,1,other countries,several,""
s266,Kirill Dmitriev,2,russia,russia,""
s267,Rex Tillerson,3,united states,united states,""
s268,Sergey Naryshkin,2,russia,russia,""
s269,Alexander Bortnikov,2,russia,russia,""
s270,Anonymous_14_290,2,russia,russia,""
s271,Mohammed Bin Zayed Al Nahyan,1,other countries,united arab emirates,""
s272,Guccifer 2.0,2,russia,russia,""
s273,Dcleaks,2,russia,russia,""
s274,Nastya Rybka,1,other countries,belarus,""
s275,Sergey Eduardovich Prikhodko,2,russia,russia,""
s276,Mark Zuckerberg,3,united states,united states,""
s277,Leon Black,3,united states,united states,""
s278,Dimitriy Streshinskiy,1,other countries,na,""
s279,Rostec,2,russia,russia,""
s280,Acu Strategic Partners,3,united states,united states,""
s281,Robert Mcfarlane,3,united states,united states,""
s282,Begin-Sadat Center For Strategic Studies,1,other countries,israel,""
s283,Ratio Oil Exploration,1,other countries,israel,""
s284,Wikistrat,3,united states,united states,""
s285,Anonymous Israeli,1,other countries,israel,""
s286,Stephen Halper,1,other countries,uk,""
s287,Anonymous_5_122,1,other countries,non-usa,""
s288,Mohammed Bin Salman,1,other countries,saudi arabia,""
s289,Alex Torshin,2,russia,russia,""
s290,Alex Van Der Zwaan,1,other countries,netherlands,""
s291,Anonymous_3_70,2,russia,russia,""
s292,Anonymous_8_166,2,russia,russia,""
s293,Anonymous_9_182,2,russia,russia,""
s294,Australian Diplomat,1,other countries,australia,""
s295,Chuck Kubic,3,united states,united states,""
s296,Daily Caller,3,united states,united states,""
s297,Erik Prince's Brother In Law,3,united states,united states,""
s298,Fusion Gps,3,united states,united states,""
s299,Henry Greenberg,2,russia,russia,""
s300,Joshua Levy,3,united states,united states,""
s301,Kellyanne Conway,3,united states,united states,""
s302,Mike Pompeo,3,united states,united states,""
s303,Sean Hannity,3,united states,united states,""
s304,Stanley Fischer,3,united states,united states,""
s305,Trump Campaign,3,united states,united states,""
s306,W. Samuel Patten,3,united states,united states,""
s307,Benjamin Netanyahu,1,other countries,israel,""
s308,Ritz Carlton,2,russia,russia,""
s309,Trump Tower Moscow,2,russia,russia,""
